Metric,Score
Accuracy,0.5777777777777777
Precision,0.4718518518518518
Recall,0.5777777777777777
F1-Score,0.5147712418300654
