doc_id,before_char_count,before_word_count,before_avg_word_length,before_unique_words,before_lexical_diversity,before_special_char_ratio,before_uppercase_ratio,before_digit_ratio,before_avg_sentence_length,after_char_count,after_word_count,after_avg_word_length,after_unique_words,after_lexical_diversity,after_special_char_ratio,after_uppercase_ratio,after_digit_ratio,after_avg_sentence_length
0,79,11,6.2727272727272725,11,1.0,0.10126582278481013,0.17721518987341772,0.0,5.5,37,7,4.428571428571429,7,1.0,0.05405405405405406,0.0,0.0,7.0
1,94,10,8.5,10,1.0,0.0425531914893617,0.0425531914893617,0.0,3.3333333333333335,77,11,6.090909090909091,10,0.9090909090909091,0.025974025974025976,0.0,0.0,5.5
2,80,10,7.1,10,1.0,0.0875,0.125,0.0,2.5,70,13,4.461538461538462,11,0.8461538461538461,0.1,0.0,0.0,3.25
3,78,10,6.9,10,1.0,0.038461538461538464,0.02564102564102564,0.0,5.0,69,11,5.363636363636363,11,1.0,0.043478260869565216,0.0,0.0,5.5
4,76,11,6.0,11,1.0,0.039473684210526314,0.05263157894736842,0.0,2.75,46,7,5.714285714285714,7,1.0,0.021739130434782608,0.0,0.0,3.5
5,76,8,8.625,8,1.0,0.013157894736842105,0.013157894736842105,0.0,8.0,65,7,8.428571428571429,7,1.0,0.015384615384615385,0.0,0.0,7.0
6,76,9,7.555555555555555,9,1.0,0.013157894736842105,0.013157894736842105,0.0,4.5,61,8,6.75,8,1.0,0.01639344262295082,0.0,0.0,4.0
7,73,9,7.222222222222222,9,1.0,0.0136986301369863,0.0410958904109589,0.0,4.5,69,10,6.0,10,1.0,0.014492753623188406,0.0,0.0,5.0
